species_id,common_name,scientific_name,category,about_description,habitat,habitat_group,habitat_source
sp_ashy_tailorbird,Ashy Tailorbird,Orthotomus ruficeps,Bird,Ashy Tailorbird is part of Malaysia’s diverse bird life and helps keep forest ecosystems connected.,"Forests, forest edges and other suitable Malaysian natural habitats.","Rivers, Wetlands & Mangroves",https://datazone.birdlife.org/species/factsheet/ashy-tailorbird-orthotomus-ruficeps
sp_asian_blue_quail,Asian Blue Quail,Synoicus chinensis,Bird,Asian Blue Quail is part of Malaysia’s diverse bird life and helps keep forest ecosystems connected.,"Forests, forest edges and other suitable Malaysian natural habitats.","Grassland, Scrub & Farmland",https://datazone.birdlife.org/species/factsheet/asian-blue-quail-synoicus-chinensis
sp_asian_elephant,Asian Elephant,Elephas maximus,Mammal,"They use their trunk to smell, drink, greet and pick up food.",Lowland and hill forest across Peninsular Malaysia and Borneo.,Rainforest & Forest,https://doi.org/10.2305/IUCN.UK.2020-3.RLTS.T7140A45818198.en
sp_asian_small_clawed_otter,Asian Small-clawed Otter,Aonyx cinereus,Mammal,Asian Small-clawed Otter has adaptations that help it find food and shelter in its forest habitat.,Malaysian forests and other suitable natural habitats with cover and food.,"Rivers, Wetlands & Mangroves",https://doi.org/10.2305/IUCN.UK.2021-3.RLTS.T44166A164580923.en
sp_asiatic_brush_tailed_porcupine,Asiatic Brush-tailed Porcupine,Atherurus macrourus,Mammal,Asiatic Brush-tailed Porcupine has adaptations that help it find food and shelter in its forest habitat.,Malaysian forests and other suitable natural habitats with cover and food.,Rainforest & Forest,https://www.animaldiversity.org/accounts/Atherurus_macrourus/
sp_asiatic_golden_cat,Asiatic Golden Cat,Catopuma temminckii,Mammal,Asiatic Golden Cat has adaptations that help it find food and shelter in its forest habitat.,Malaysian forests and other suitable natural habitats with cover and food.,Rainforest & Forest,https://animaldiversity.org/accounts/Catopuma_temminckii/
sp_asiatic_striped_squirrels,Asiatic Striped Squirrels,Tamiops rodolphii,Mammal,Asiatic Striped Squirrels has adaptations that help it find food and shelter in its forest habitat.,Malaysian forests and other suitable natural habitats with cover and food.,Rainforest & Forest,https://doi.org/10.2305%2FIUCN.UK.2017-2.RLTS.T21381A22252307.en
sp_banded_civet,Banded Civet,Hemigalus derbyanus,Mammal,Banded Civet has adaptations that help it find food and shelter in its forest habitat.,Malaysian forests and other suitable natural habitats with cover and food.,Rainforest & Forest,https://animaldiversity.org/accounts/Hemigalus_derbyanus/
sp_banded_leaf_monkey,Banded Leaf Monkey,Presbytis femoralis,Mammal,Banded Leaf Monkey has adaptations that help it find food and shelter in its forest habitat.,Malaysian forests and other suitable natural habitats with cover and food.,Rainforest & Forest,https://www.nparks.gov.sg/florafaunaweb/fauna/2/2/224
sp_banded_linsang,Banded Linsang,Prionodon linsang,Mammal,Banded Linsang has adaptations that help it find food and shelter in its forest habitat.,Malaysian forests and other suitable natural habitats with cover and food.,Rainforest & Forest,https://animaldiversity.org/accounts/Prionodon_linsang/
sp_banteng,Banteng,Bos javanicus,Mammal,Banteng has adaptations that help it find food and shelter in its forest habitat.,Malaysian forests and other suitable natural habitats with cover and food.,"Grassland, Scrub & Farmland",https://animaldiversity.org/accounts/Bos_javanicus/
sp_barred_eagle_owl,Barred Eagle-owl,Bubo sumatranus,Bird,Barred Eagle-owl is part of Malaysia’s diverse bird life and helps keep forest ecosystems connected.,"Forests, forest edges and other suitable Malaysian natural habitats.",Rainforest & Forest,https://www.owlpages.com/owls/species.php?s=1340
sp_bearded_pig,Bearded Pig,Sus barbatus,Mammal,Bearded Pig has adaptations that help it find food and shelter in its forest habitat.,Malaysian forests and other suitable natural habitats with cover and food.,Rainforest & Forest,https://doi.org/10.2305/IUCN.UK.2017-3.RLTS.T41772A44141317.en
sp_binturong,Binturong,Arctictis binturong,Mammal,Binturong has adaptations that help it find food and shelter in its forest habitat.,Malaysian forests and other suitable natural habitats with cover and food.,Rainforest & Forest,https://animaldiversity.org/accounts/Arctictis_binturong/
sp_black_giant_squirrel,Black Giant Squirrel,Ratufa bicolor,Mammal,Black Giant Squirrel has adaptations that help it find food and shelter in its forest habitat.,Malaysian forests and other suitable natural habitats with cover and food.,Rainforest & Forest,https://www.mybis.gov.my/sp/20376
sp_black_crowned_pitta,Black-crowned Pitta,Erythropitta ussheri,Bird,Black-crowned Pitta is part of Malaysia’s diverse bird life and helps keep forest ecosystems connected.,"Forests, forest edges and other suitable Malaysian natural habitats.",Rainforest & Forest,https://datazone.birdlife.org/species/factsheet/black-crowned-pitta-erythropitta-ussheri
sp_black_rumped_flameback,Black-rumped Flameback,Dinopium benghalense,Bird,It has a brilliant golden back.,"Forests, plantations and gardens.","Gardens, Parks & Urban",https://datazone.birdlife.org/species/factsheet/black-rumped-flameback-dinopium-benghalense
sp_blue_breasted_quail,Blue-breasted Quail,Coturnix chinensis,Bird,Blue-breasted Quail is part of Malaysia’s diverse bird life and helps keep forest ecosystems connected.,"Forests, forest edges and other suitable Malaysian natural habitats.","Grassland, Scrub & Farmland",https://animaldiversity.org/accounts/Coturnix_chinensis/
sp_blue_headed_pitta,Blue-headed Pitta,Hydrornis baudii,Bird,Blue-headed Pitta is part of Malaysia’s diverse bird life and helps keep forest ecosystems connected.,"Forests, forest edges and other suitable Malaysian natural habitats.",Rainforest & Forest,https://www.oiseaux.net/en/oiseaux/blue-headed.pitta.html
sp_blyth_s_hawk_eagle,Blyth's Hawk-Eagle,Nisaetus alboniger,Bird,Blyth's Hawk-Eagle is part of Malaysia’s diverse bird life and helps keep forest ecosystems connected.,"Forests, forest edges and other suitable Malaysian natural habitats.",Highland & Montane Forest,https://doi.org/10.2305/IUCN.UK.2016-3.RLTS.T22696159A93547439.en
sp_bornean_banded_pitta,Bornean Banded Pitta,Hydrornis schwaneri,Bird,Bornean Banded Pitta is part of Malaysia’s diverse bird life and helps keep forest ecosystems connected.,"Forests, forest edges and other suitable Malaysian natural habitats.",Rainforest & Forest,https://www.oiseaux.net/en/oiseaux/bornean.banded.pitta.html
sp_bornean_orangutan,Bornean Orangutan,Pongo pygmaeus,Mammal,Bornean Orangutan has adaptations that help it find food and shelter in its forest habitat.,Malaysian forests and other suitable natural habitats with cover and food.,Rainforest & Forest,https://animaldiversity.org/accounts/Pongo_pygmaeus/
sp_bornean_partridge,Bornean Partridge,Arborophila hyperythra,Bird,Bornean Partridge is part of Malaysia’s diverse bird life and helps keep forest ecosystems connected.,"Forests, forest edges and other suitable Malaysian natural habitats.",Highland & Montane Forest,https://datazone.birdlife.org/species/factsheet/bornean-partridge-arborophila-hyperythra
sp_bornean_yellow_muntjac,Bornean Yellow Muntjac,Muntiacus atherodes,Mammal,Bornean Yellow Muntjac has adaptations that help it find food and shelter in its forest habitat.,Malaysian forests and other suitable natural habitats with cover and food.,Rainforest & Forest,https://animaldiversity.org/accounts/Muntiacus_atherodes/
sp_borneo_bay_cat,Borneo Bay Cat,Catopuma badia,Mammal,Borneo Bay Cat has adaptations that help it find food and shelter in its forest habitat.,Malaysian forests and other suitable natural habitats with cover and food.,Rainforest & Forest,https://doi.org/10.2305/IUCN.UK.2016-1.RLTS.T4037A50650716.en
sp_borneo_earless_monitor,Borneo Earless Monitor,Lanthanotus borneensis,Reptile,Borneo Earless Monitor is an important part of the food web in its habitat.,"Forests, wetlands or other warm natural habitats in Malaysia.","Rivers, Wetlands & Mangroves",https://doi.org/10.2305%2FIUCN.UK.2021-2.RLTS.T102342572A102342580.en
sp_brown_rat,Brown Rat,Rattus norvegicus,Mammal,Brown Rat has adaptations that help it find food and shelter in its forest habitat.,Malaysian forests and other suitable natural habitats with cover and food.,"Gardens, Parks & Urban",https://doi.org/10.2305/IUCN.UK.2016-3.RLTS.T19353A165118026.en
sp_buffy_fish_owl,Buffy Fish-owl,Ketupa ketupu,Bird,Buffy Fish-owl is part of Malaysia’s diverse bird life and helps keep forest ecosystems connected.,"Forests, forest edges and other suitable Malaysian natural habitats.","Rivers, Wetlands & Mangroves",https://doi.org/10.2305/IUCN.UK.2016-3.RLTS.T22689024A93214791.en
sp_changeable_hawk_eagle,Changeable Hawk-eagle,Nisaetus cirrhatus,Bird,Its plumage changes colour as it ages.,Forests and forest edges.,"Grassland, Scrub & Farmland",https://doi.org/10.2305/IUCN.UK.2020-3.RLTS.T22732090A181767197.en
sp_chestnut_capped_babbler,Chestnut-capped Babbler,Timalia pileata,Bird,It has a rich chestnut cap.,Grasslands and scrub.,"Grassland, Scrub & Farmland",https://www.oiseaux.net/en/oiseaux/chestnut-capped.babbler.html
sp_chestnut_capped_thrush,Chestnut-capped Thrush,Geokichla interpres,Bird,It has a striking chestnut cap.,Lowland rainforests.,Rainforest & Forest,https://www.oiseaux.net/birds/chestnut-capped.thrush.html
sp_chestnut_necklaced_partridge,Chestnut-necklaced Partridge,Tropicoperdix charltonii,Bird,Chestnut-necklaced Partridge is part of Malaysia’s diverse bird life and helps keep forest ecosystems connected.,"Forests, forest edges and other suitable Malaysian natural habitats.",Rainforest & Forest,https://www.oiseaux.net/en/oiseaux/chestnut-necklaced.partridge.html
sp_cinereous_bulbul,Cinereous Bulbul,Hemixos cinereus,Bird,"It has a greyish, cinereous plumage.",Montane forests.,Highland & Montane Forest,https://www.birdforum.net/opus/Hemixos_flavala_cinereus
sp_clouded_leopard,Clouded Leopard,Neofelis nebulosa,Mammal,Its cloud-like spots help it blend into the forest canopy.,Dense tropical forests across Southeast Asia.,Rainforest & Forest,https://doi.org/10.2305/iucn.uk.2021-2.rlts.t14519a198843258.en
sp_collared_mongoose,Collared Mongoose,Herpestes semitorquatus,Mammal,It has a distinctive white collar.,Lowland forests near water.,Rainforest & Forest,https://www.researchgate.net/publication/296332725_Herpestes_semitorquatus_The_IUCN_Red_List_of_Threatened_Species_2015
sp_common_emerald_dove,Common Emerald Dove,Chalcophaps indica,Bird,Its wings make a distinctive whistling sound in flight.,"Forests, mangroves and gardens.",Rainforest & Forest,https://www.thainationalparks.com/species/common-emerald-dove
sp_common_hill_myna,Common Hill Myna,Gracula religiosa,Bird,It is famous for its ability to mimic human speech.,Lowland and hill forests.,Rainforest & Forest,https://animaldiversity.org/accounts/Gracula_religiosa/
sp_common_mormon,Common Mormon,Papilio polytes,Butterfly,Some females copy the look of a poisonous butterfly to scare away predators.,"Gardens, parks and forest edges across Malaysia.","Gardens, Parks & Urban",https://animaldiversity.org/accounts/Papilio_polytes/
sp_common_palm_civet,Common Palm Civet,Paradoxurus hermaphroditus,Mammal,It is famous for producing civet coffee.,"Forests, gardens and urban areas.","Gardens, Parks & Urban",https://animaldiversity.org/accounts/Paradoxurus_hermaphroditus/
sp_common_sun_skink,Common Sun Skink,Eutropis multifasciata,Reptile,It is one of the most common lizards in Malaysia.,"Forests, gardens and urban areas.","Gardens, Parks & Urban",https://ir.unimas.my/id/eprint/45170/
sp_common_treeshrew,Common Treeshrew,Tupaia glis,Mammal,It looks like a squirrel but is more closely related to primates.,Forests and plantations.,Rainforest & Forest,https://animaldiversity.org/accounts/Tupaia_glis/
sp_common_water_monitor,Common Water Monitor,Varanus salvator,Reptile,It is the second-largest lizard in the world.,"Rivers, lakes and mangroves.","Rivers, Wetlands & Mangroves",https://animaldiversity.org/accounts/Varanus_salvator/
sp_crab_eating_macaque,Crab-eating Macaque,Macaca fascicularis,Mammal,These macaques are known for washing food before eating.,"Mangroves, forests and river edges.","Rivers, Wetlands & Mangroves",https://doi.org/10.2305/IUCN.UK.2020-2.RLTS.T12551A195354635.en
sp_crab_eating_mongoose,Crab-eating Mongoose,Herpestes urva,Mammal,It is named for its diet of crabs.,"Streams, rivers and wetlands.","Rivers, Wetlands & Mangroves",https://www.ecologyasia.com/verts/mammals/crab-eating-mongoose.htm
sp_crested_partridge,Crested Partridge,Rollulus rouloul,Bird,Males have a distinctive red crest.,Lowland rainforest floor.,Rainforest & Forest,https://doi.org/10.2305/IUCN.UK.2021-3.RLTS.T22679106A196436384.en
sp_crested_serpent_eagle,Crested Serpent-eagle,Spilornis cheela,Bird,It is a specialist snake hunter.,"Forests, plantations and open areas.","Grassland, Scrub & Farmland",https://doi.org/10.2305%2FIUCN.UK.2025-2.RLTS.T22695293A280933280.en
sp_crimson_headed_partridge,Crimson-headed Partridge,Haematortyx sanguiniceps,Bird,It has a bright crimson head.,Montane forests of Borneo.,Highland & Montane Forest,https://forestry.sarawak.gov.my/web/subpage/webpage_view/904
sp_crimson_winged_woodpecker,Crimson-winged Woodpecker,Picus puniceus,Bird,Its crimson wings make it easy to spot.,Lowland and hill forests.,Rainforest & Forest,https://doi.org/10.2305/IUCN.UK.2016-3.RLTS.T22681434A92906763.en
sp_dark_necked_tailorbird,Dark-necked Tailorbird,Orthotomus atrogularis,Bird,It has a dark chestnut neck.,Forests and gardens.,Rainforest & Forest,https://datazone.birdlife.org/species/factsheet/dark-necked-tailorbird-orthotomus-atrogularis
sp_dhole,Dhole,Cuon alpinus,Mammal,Dholes hunt in packs and communicate with whistles.,"Forests, scrub and grasslands.",Rainforest & Forest,https://doi.org/10.2305/IUCN.UK.2015-4.RLTS.T5953A72477893.en
sp_dusky_leaf_monkey,Dusky Leaf Monkey,Trachypithecus obscurus,Mammal,Babies are born bright orange for camouflage.,Rainforest canopy and river edges.,Rainforest & Forest,https://animaldiversity.org/accounts/Trachypithecus_obscurus/
sp_flat_headed_cat,Flat-headed Cat,Prionailurus planiceps,Mammal,It has partially webbed feet for catching fish.,"Wetlands, rivers and swamp forests.","Rivers, Wetlands & Mangroves",https://animaldiversity.org/accounts/Prionailurus_planiceps/
sp_four_striped_ground_squirrel,Four-striped Ground Squirrel,Lariscus hosei,Mammal,It has four distinctive stripes on its back.,Forest floor and undergrowth.,Rainforest & Forest,https://doi.org/10.2305%2FIUCN.UK.2019-1.RLTS.T11304A22242503.en
sp_gaur,Gaur,Bos gaurus,Mammal,The gaur is the largest species of wild cattle.,Evergreen forests and grasslands.,"Grassland, Scrub & Farmland",https://academic.oup.com/mspecies/article/50/959/34/5075367
sp_great_argus,Great Argus,Argusianus argus,Bird,Males have the longest tail feathers of any bird.,Lowland rainforests.,Rainforest & Forest,https://datazone.birdlife.org/species/factsheet/great-argus-argusianus-argus
sp_greater_coucal,Greater Coucal,Centropus sinensis,Bird,It is also called the Crow Pheasant.,"Forests, scrub and wetlands.","Grassland, Scrub & Farmland",https://animaldiversity.org/accounts/Centropus_sinensis/
sp_greater_oriental_chevrotain,Greater Oriental Chevrotain,Tragulus napu,Mammal,It is also known as the Greater Mouse-deer.,Forests near water.,Rainforest & Forest,https://animaldiversity.org/accounts/Tragulus_napu/
sp_green_sea_turtle,Green Sea Turtle,Chelonia mydas,Reptile,Females return to the same beach where they hatched to lay their own eggs.,"Coastal waters, seagrass beds and nesting beaches.",Coastal & Marine,https://doi.org/10.2305/IUCN.UK.2004.RLTS.T4615A11037468.en
sp_green_backed_heron,Green-backed Heron,Butorides striata,Bird,It uses bait to attract fish.,"Wetlands, rivers and mangroves.","Rivers, Wetlands & Mangroves",https://doi.org/10.2305/IUCN.UK.2022-2.RLTS.T22728182A163804848.en
sp_green_billed_coucal,Green-billed Coucal,Centropus chlororhynchos,Bird,It is endemic to Sri Lanka's wet zone.,Rainforests and dense thickets.,Rainforest & Forest,https://www.oiseaux.net/en/green-billed.coucal.html
sp_grey_bellied_squirrel,Grey-bellied Squirrel,Callosciurus caniceps,Mammal,Its grey belly distinguishes it from other squirrels.,Forests and plantations.,"Gardens, Parks & Urban",https://www.ecologyasia.com/verts/mammals/northern-grey-bellied-squirrel.htm
sp_honey_buzzard,Honey Buzzard,Pernis apivorus,Bird,It digs up wasp nests to eat the larvae.,Forests and open woodlands.,Rainforest & Forest,https://www.bto.org/learn/about-birds/birdfacts/honey-buzzard
sp_horse_tailed_squirrel,Horse-tailed Squirrel,Sundasciurus hippurus,Mammal,Horse-tailed Squirrel has adaptations that help it find food and shelter in its forest habitat.,Malaysian forests and other suitable natural habitats with cover and food.,Rainforest & Forest,https://animaldiversity.org/accounts/Sundasciurus_hippurus/
sp_hose_s_civet,Hose's Civet,Diplogale hosei,Mammal,One of the least known civet species.,Montane forests of Borneo.,Highland & Montane Forest,https://animaldiversity.org/accounts/Diplogale_hosei/
sp_hose_s_langur,Hose's Langur,Presbytis hosei,Mammal,Named after zoologist Charles Hose.,Montane forests of Borneo.,Highland & Montane Forest,https://forestry.sarawak.gov.my/web/subpage/webpage_view/815
sp_indomalayan_bamboo_rat,Indomalayan Bamboo Rat,Rhizomys sumatrensis,Mammal,It is one of the largest rat species.,Bamboo forests and plantations.,Rainforest & Forest,https://www.mybis.gov.my/sp/20485
sp_lar_gibbon,Lar Gibbon,Hylobates lar,Mammal,Gibbons sing duets to strengthen family bonds.,Tall rainforest canopy.,Rainforest & Forest,https://animaldiversity.org/accounts/Hylobates_lar/
sp_large_indian_civet,Large Indian Civet,Viverra zibetha,Mammal,It has a distinctive black-and-white striped tail.,"Forests, scrub and agricultural areas.","Grassland, Scrub & Farmland",https://animaldiversity.org/accounts/Viverra_zibetha/
sp_large_treeshrew,Large Treeshrew,Tupaia tana,Mammal,It is the largest species of treeshrew.,Lowland and hill forests.,Rainforest & Forest,https://animaldiversity.org/accounts/Tupaia_tana/
sp_large_spotted_civet,Large-spotted Civet,Viverra megaspila,Mammal,One of the largest civet species.,Lowland forests.,Rainforest & Forest,https://doi.org/10.2305/IUCN.UK.2015-4.RLTS.T41707A45220475.en
sp_leopard,Leopard,Panthera pardus,Mammal,Leopards are strong swimmers and excellent climbers.,"Forests, mountains and grasslands.",Rainforest & Forest,https://animaldiversity.org/accounts/Panthera_pardus/
sp_lesser_dog_faced_fruit_bat,Lesser Dog-faced Fruit Bat,Cynopterus brachyotis,Mammal,It has a dog-like face.,Forests and urban gardens.,"Gardens, Parks & Urban",https://doi.org/10.2305/IUCN.UK.2019-3.RLTS.T6103A22113381.en
sp_mouse_deer,Lesser Mouse-deer,Tragulus kanchil,Mammal,It is one of the smallest hoofed animals in the world.,Dense forest undergrowth.,Rainforest & Forest,https://doi.org/10.2305/IUCN.UK.2015-2.RLTS.T136297A61978576.en
sp_long_tailed_porcupine,Long-tailed Porcupine,Trichys fasciculata,Mammal,It has an unusually long tail for a porcupine.,Lowland forests.,Rainforest & Forest,https://animaldiversity.org/accounts/Trichys_fasciculata/
sp_long_tailed_sibia,Long-tailed Sibia,Heterophasia picaoides,Bird,"It has a very long, graduated tail.",Montane forests.,Highland & Montane Forest,https://datazone.birdlife.org/species/factsheet/long-tailed-sibia-heterophasia-picaoides
sp_mainland_leopard_cat,Mainland Leopard Cat,Prionailurus bengalensis,Mammal,It is the most widespread wild cat in Asia.,"Forests, grasslands and wetlands.","Grassland, Scrub & Farmland",https://www.mybis.gov.my/art/249
sp_malay_banded_pitta,Malay Banded Pitta,Hydrornis irena,Bird,It is also known as the Graceful Pitta.,Lowland rainforests.,Rainforest & Forest,https://besgroup.org/2023/04/29/malayan-banded-pitta/
sp_malay_civet,Malay Civet,Viverra tangalunga,Mammal,Also known as the Oriental Civet.,Forests and plantations.,Rainforest & Forest,https://animaldiversity.org/accounts/Viverra_tangalunga/
sp_malay_crested_fireback,Malay Crested Fireback,Lophura rufa,Bird,Males have a brilliant blue-black plumage.,Lowland rainforests.,Rainforest & Forest,https://www.mybis.gov.my/sp/21795
sp_malay_ground_cuckoo,Malay Ground-cuckoo,Carpococcyx radiceus,Bird,"It is a secretive, ground-dwelling bird.",Lowland rainforest floor.,Rainforest & Forest,https://www.birdforum.net/opus/Carpococcyx_radiceus
sp_malay_weasel,Malay Weasel,Mustela nudipes,Mammal,It is one of the least studied weasel species.,Lowland and hill forests.,Rainforest & Forest,https://animaldiversity.org/accounts/Mustela_nudipes/
sp_malayan_night_heron,Malayan Night-Heron,Gorsachius melanolophus,Bird,It is most active at dusk and night.,Forests near water.,"Rivers, Wetlands & Mangroves",https://heronconservation.org/herons-of-the-world/list/malayan-night-heron/
sp_malayan_pangolin,Malayan Pangolin,Manis javanica,Mammal,"Its scales are made of keratin, the same material as your fingernails.",Forest and sometimes plantations.,Rainforest & Forest,https://doi.org/10.2305/IUCN.UK.2019-3.RLTS.T12763A123584856.en
sp_malayan_peacock_pheasant,Malayan Peacock-Pheasant,Polyplectron malacense,Bird,Its tail feathers have eye-like spots.,Lowland rainforests.,Rainforest & Forest,https://datazone.birdlife.org/species/factsheet/malay-peacock-pheasant-polyplectron-malacense
sp_malayan_porcupine,Malayan Porcupine,Hystrix brachyura,Mammal,Its quills can be up to 30 cm long.,"Forests, plantations and caves.",Rainforest & Forest,https://doi.org/10.2305/IUCN.UK.2016-2.RLTS.T10749A22231914.en
sp_sun_bear,Malayan Sun Bear,Helarctos malayanus,Mammal,It is the world's smallest bear and has a pale horseshoe mark on its chest.,"Tropical forest, spending much time in trees.",Rainforest & Forest,https://doi.org/10.2305/IUCN.UK.2017-3.RLTS.T9760A45033547.en
sp_malayan_tapir,Malayan Tapir,Tapirus indicus,Mammal,Babies are born with stripes and spots that fade as they grow.,"Rainforest, often near water.",Rainforest & Forest,https://animaldiversity.org/accounts/Tapirus_indicus/
sp_malayan_tiger,Malayan Tiger,Panthera tigris jacksoni,Mammal,"Each tiger has a unique stripe pattern, like a fingerprint.","Tropical forest, mainly in the central forest spine.",Rainforest & Forest,https://malaysia.wcs.org/Wildlife/Tiger.aspx
sp_malaysian_field_rat,Malaysian Field Rat,Rattus tiomanicus,Mammal,It is common in oil palm plantations.,Agricultural areas and grasslands.,"Grassland, Scrub & Farmland",https://www.sciencedirect.com/science/article/pii/S0261219497000100
sp_malaysian_mole,Malaysian Mole,Euroscaptor malayanus,Mammal,Malaysian Mole has adaptations that help it find food and shelter in its forest habitat.,Malaysian forests and other suitable natural habitats with cover and food.,Highland & Montane Forest,https://www.kahaku.go.jp/albums/abm.php?d=2954&f=abm00003936.pdf&n=4506.pdf
sp_malaysian_rail_babbler,Malaysian Rail-babbler,Eupetes macrocerus,Bird,It is more closely related to rails than babblers.,Lowland rainforest floor.,Rainforest & Forest,https://www.thainationalparks.com/species/rail-babbler
sp_marbled_cat,Marbled Cat,Pardofelis marmorata,Mammal,Its long tail helps it balance in trees.,Rainforest canopy.,Rainforest & Forest,https://animaldiversity.org/accounts/Pardofelis_marmorata/
sp_maroon_sureli,Maroon Sureli,Presbytis rubicunda,Mammal,This monkey has a rich maroon coat.,Bornean rainforest canopy.,Rainforest & Forest,https://forestry.sarawak.gov.my/web/subpage/webpage_view/818
sp_masked_palm_civet,Masked Palm Civet,Paguma larvata,Mammal,Also known as the Gem-faced Civet.,"Forests, plantations and gardens.","Gardens, Parks & Urban",https://www.cifor-icraf.org/publications/pdf_files/Books/ethnobiology/EthnobiologyHandbook.pdf
sp_moonrat,Moonrat,Echinosorex gymnura,Mammal,"Despite its name, it is related to hedgehogs.",Lowland forests near streams.,"Rivers, Wetlands & Mangroves",https://www.mybis.gov.my/art/286
sp_mountain_imperial_pigeon,Mountain Imperial-pigeon,Ducula badia,Bird,It is one of the largest pigeon species.,Montane and hill forests.,Highland & Montane Forest,https://forestry.sarawak.gov.my/web/subpage/webpage_view/846
sp_noisy_rat,Noisy Rat,Leopoldamys sabanus,Mammal,It is named for its loud vocalisations.,Lowland and hill forests.,Rainforest & Forest,https://academic.oup.com/jmammal/article/89/3/712/862935
sp_northern_treeshrew,Northern Treeshrew,Tupaia belangeri,Mammal,Treeshrews have a very high brain-to-body ratio.,Forests across Southeast Asia.,Rainforest & Forest,https://animaldiversity.org/accounts/Tupaia_belangeri/
sp_orange_headed_thrush,Orange-headed Thrush,Geokichla citrina,Bird,It has an orange head and breast.,Lowland and hill forests.,Rainforest & Forest,https://www.thainationalparks.com/species/orange-headed-thrush
sp_oriental_magpie_robin,Oriental Magpie-robin,Copsychus saularis,Bird,It is the national bird of Bangladesh.,"Forests, gardens and urban areas.","Gardens, Parks & Urban",https://doi.org/10.2305/IUCN.UK.2017-1.RLTS.T103893432A111178145.en
sp_oriental_pied_hornbill,Oriental Pied Hornbill,Anthracoceros albirostris,Bird,"The female seals herself inside a tree cavity to lay eggs, leaving a small gap for food.","Lowland forests, forest edges and gardens.","Gardens, Parks & Urban",https://www.nparks.gov.sg/florafaunaweb/fauna/1/7/174
sp_otter_civet,Otter civet,Cynogale bennettii,Mammal,It is adapted for a semi-aquatic lifestyle.,Lowland forests near water.,"Rivers, Wetlands & Mangroves",https://animaldiversity.org/accounts/Cynogale_bennettii/
sp_pale_giant_squirrel,Pale Giant Squirrel,Ratufa affinis,Mammal,It is also known as the Cream-coloured Giant Squirrel.,Forest canopy in Borneo.,Rainforest & Forest,https://animaldiversity.org/accounts/Ratufa_affinis/
sp_plantain_squirrel,Plantain Squirrel,Callosciurus notatus,Mammal,It is one of the most common squirrels in Malaysia.,"Forests, gardens and urban parks.","Gardens, Parks & Urban",https://animaldiversity.org/accounts/Callosciurus_notatus/
sp_prevost_s_squirrel,Prevost's Squirrel,Callosciurus prevostii,Mammal,It has a striking tri-colour pattern.,Rainforest canopy.,Rainforest & Forest,https://animaldiversity.org/accounts/Callosciurus_prevostii/
sp_proboscis_monkey,Proboscis Monkey,Nasalis larvatus,Mammal,The male's large nose is thought to make its calls louder.,Mangroves and riverine forest of Borneo.,"Rivers, Wetlands & Mangroves",https://animaldiversity.org/accounts/Nasalis_larvatus/
sp_red_junglefowl,Red Junglefowl,Gallus gallus,Bird,It is the wild ancestor of domestic chickens.,Forest edges and bamboo thickets.,Rainforest & Forest,https://animaldiversity.org/accounts/Gallus_gallus/
sp_reticulated_python,Reticulated Python,Malayopython reticulatus,Reptile,It is one of the longest snakes in the world.,"Forest, often near rivers and water.","Rivers, Wetlands & Mangroves",https://files.wildlife.gov.my/wildlife-wp-media/2025/09/14175642/Pythons.pdf
sp_rhinoceros_hornbill,Rhinoceros Hornbill,Buceros rhinoceros,Bird,It is the state bird of Sarawak and has a bright orange casque on its bill.,"Lowland and hill rainforest, especially old-growth forest.",Rainforest & Forest,https://animaldiversity.org/accounts/Buceros_rhinoceros/
sp_roughneck_monitor,Roughneck Monitor,Varanus rudicollis,Reptile,"It has rough, keeled scales on its neck.",Lowland rainforests.,Rainforest & Forest,https://iucn-mlsg.org/species/southeast-asian-species-2/varanus-rudicollis/
sp_rufous_browed_babbler,Rufous-browed Babbler,Pellorneum capistratum,Bird,It has a distinctive rufous brow.,Lowland rainforest floor.,Rainforest & Forest,https://pmc.ncbi.nlm.nih.gov/articles/PMC5333830/
sp_rufous_tailed_pheasant,Rufous-tailed Pheasant,Lophura erythrophthalma,Bird,Also known as the Crestless Fireback.,Lowland rainforests.,Rainforest & Forest,https://doi.org/10.2305/IUCN.UK.2022-1.RLTS.T22727411A207611465.en
sp_rufous_tailed_shama,Rufous-tailed shama,Copsychus pyrropygus,Bird,It has a long rufous tail.,Lowland rainforests.,Rainforest & Forest,https://www.oiseaux.net/en/oiseaux/rufous-tailed.shama.html
sp_saltwater_crocodile,Saltwater Crocodile,Crocodylus porosus,Reptile,It is the largest living reptile.,"Rivers, estuaries and mangroves.","Rivers, Wetlands & Mangroves",https://animaldiversity.org/accounts/Crocodylus_porosus/
sp_sambar,Sambar,Rusa unicolor,Mammal,Sambar are the largest deer species in Southeast Asia.,Forests near water sources.,Rainforest & Forest,https://animaldiversity.org/accounts/Rusa_unicolor/
sp_serow,Serow,Capricornis sumatraensis,Mammal,Serows are goat-like mammals that live near cliffs.,Rocky hillsides and montane forests.,Highland & Montane Forest,https://animaldiversity.org/accounts/Capricornis_sumatraensis/
sp_short_tailed_babbler,Short-tailed Babbler,Pellorneum malaccense,Bird,It has a very short tail.,Lowland rainforest floor.,Rainforest & Forest,https://pmc.ncbi.nlm.nih.gov/articles/PMC5333830/
sp_short_tailed_mongoose,Short-tailed Mongoose,Herpestes brachyurus,Mammal,It is a skilled hunter of small prey.,"Forests, scrub and plantations.",Rainforest & Forest,https://www.ecologyasia.com/verts/mammals/short-tailed-mongoose.htm
sp_shrew_faced_squirrel,Shrew-faced Squirrel,Rhinosciurus laticaudatus,Mammal,Shrew-faced Squirrel has adaptations that help it find food and shelter in its forest habitat.,Malaysian forests and other suitable natural habitats with cover and food.,Rainforest & Forest,https://animaldiversity.org/accounts/Rhinosciurus_laticaudatus/
sp_small_indian_mongoose,Small Indian Mongoose,Herpestes auropunctatus,Mammal,It was introduced to many islands for pest control.,"Forests, scrub and urban areas.","Grassland, Scrub & Farmland",https://www.nies.go.jp/biodiversity/invasive/DB/detail/10210e.html
sp_small_toothed_palm_civet,Small-toothed Palm Civet,Arctogalidia trivirgata,Mammal,It has a prehensile tail for climbing.,Rainforest canopy.,Rainforest & Forest,https://animaldiversity.org/accounts/Arctogalidia_trivirgata/
sp_smooth_coated_otter,Smooth-coated Otter,Lutrogale perspicillata,Mammal,"It has a shorter, smoother coat than other otters.","Rivers, lakes and mangroves.","Rivers, Wetlands & Mangroves",https://animaldiversity.org/accounts/Lutrogale_perspicillata/
sp_sooty_capped_babbler,Sooty-capped Babbler,Malacopteron affine,Bird,It has a sooty-coloured cap.,Lowland rainforests.,Rainforest & Forest,https://www.the-birds.net/birds/sooty-capped.babbler.html
sp_southern_pig_tailed_macaque,Southern Pig-tailed Macaque,Macaca nemestrina,Mammal,"They have a short, pig-like tail.",Lowland and hill forests.,Rainforest & Forest,https://doi.org/10.2305%2FIUCN.UK.2022-1.RLTS.T12555A223433999.en
sp_southern_red_muntjac,Southern Red Muntjac,Muntiacus muntjak,Mammal,It is also called the Indian Muntjac.,Forests across Southeast Asia.,Rainforest & Forest,https://animaldiversity.org/accounts/Muntiacus_muntjak/
sp_spotted_giant_flying_squirrel,Spotted Giant Flying Squirrel,Petaurista elegans,Mammal,It can glide up to 100 metres between trees.,Tall rainforest canopy.,Rainforest & Forest,https://animaldiversity.org/accounts/Petaurista_elegans/
sp_striped_wren_babbler,Striped Wren-babbler,Kenopia striata,Bird,Its striped pattern helps it hide in leaf litter.,Lowland rainforest floor.,Rainforest & Forest,https://www.thainationalparks.com/species/striped-wren-babbler
sp_stump_tailed_macaque,Stump-tailed Macaque,Macaca arctoides,Mammal,Their faces turn bright red when excited.,Hill and montane forests.,Highland & Montane Forest,https://research.monash.edu/en/publications/tree-abundance-and-elevation-influence-the-occurrence-of-limeston/
sp_sunda_clouded_leopard,Sunda Clouded Leopard,Neofelis diardi,Mammal,It has the longest canine teeth of any cat.,Bornean and Sumatran rainforests.,Rainforest & Forest,https://animaldiversity.org/accounts/Neofelis_diardi/
sp_sunda_colugo,Sunda Colugo,Galeopterus variegatus,Mammal,It glides between trees using a skin membrane — it does not truly fly.,"Rainforest canopy, including gardens near forest.",Rainforest & Forest,https://www.nparks.gov.sg/florafaunaweb/fauna/4/7/478
sp_sunda_laughingthrush,Sunda Laughingthrush,Garrulax palliatus,Bird,"It has a loud, laughing call.",Montane forests.,Highland & Montane Forest,https://www.oiseaux.net/en/oiseaux/sunda.laughingthrush.html
sp_sunda_pied_fantail,Sunda Pied Fantail,Rhipidura javanica,Bird,It fans its tail while foraging.,"Forests, mangroves and gardens.","Rivers, Wetlands & Mangroves",https://www.nparks.gov.sg/florafaunaweb/fauna/7/3/733
sp_sunda_stink_badger,Sunda Stink-badger,Mydaus javanensis,Mammal,It sprays a foul-smelling liquid when threatened.,Forests and plantations.,Rainforest & Forest,https://www.sciencedirect.com/science/article/pii/S161650471730157X
sp_tailed_jay,Tailed Jay,Graphium agamemnon,Butterfly,It is one of the fastest-flying butterflies and is green with black spots.,"Gardens, orchards and lowland forests.","Gardens, Parks & Urban",https://malesianbutterflies.linnaeus.naturalis.nl/linnaeus_ng/app/views/species/nsr_taxon.php?cat=TAB_DISTRIBUTION_AND_HABITAT&id=133
sp_thick_spined_porcupine,Thick-spined Porcupine,Hystrix crassispinis,Mammal,It has the thickest spines of any porcupine.,Forests and rocky areas.,Rainforest & Forest,https://doi.org/10.2305%2FIUCN.UK.2016-2.RLTS.T10750A22232051.en
sp_three_striped_ground_squirrel,Three-striped Ground Squirrel,Lariscus insignis,Mammal,It is named for its three back stripes.,"Forest floor, often near streams.",Rainforest & Forest,https://www.ecologyasia.com/verts/mammals/three-striped-ground-squirrel.htm
sp_tiger_shrike,Tiger Shrike,Lanius tigrinus,Bird,It impales prey on thorns for storage.,"Forest edges, scrub and gardens.","Grassland, Scrub & Farmland",https://www.jstage.jst.go.jp/article/jjo/72/1/72_67/_article/-char/en
sp_tufted_ground_squirrel,Tufted Ground Squirrel,Rheithrosciurus macrotis,Mammal,"It has a large, bushy tail.",Bornean rainforests.,Rainforest & Forest,https://digitalgems.nus.edu.sg/view/575282/extreme-ecological-specialisation-in-a-rainforest-mammal-the-bornean-tufted-ground-squirrel-rheithrosciurus-macrotis-gray-1867
sp_vieillot_s_fireback,Vieillot's Fireback,Lophura ignita,Bird,Named after the French ornithologist Louis Vieillot.,Lowland rainforests.,Rainforest & Forest,https://www.oiseaux.net/en/oiseaux/bornean.crested.fireback.html
sp_western_hooded_pitta,Western Hooded Pitta,Pitta sordida,Bird,It is known for its colourful plumage.,"Forests, plantations and gardens.",Rainforest & Forest,https://www.oiseaux.net/en/oiseaux/western.hooded.pitta.html
sp_white_breasted_waterhen,White-breasted Waterhen,Amaurornis phoenicurus,Bird,It is often seen walking on floating vegetation.,"Wetlands, marshes and ponds.","Rivers, Wetlands & Mangroves",https://pmc.ncbi.nlm.nih.gov/articles/PMC9354900/
sp_white_crested_hornbill,White-crested hornbill,Tropicranus albocristatus,Bird,It has a white crest on its head.,Lowland rainforests of Africa.,Rainforest & Forest,https://www.oiseaux.net/en/oiseaux/western.long-tailed.hornbill.html
sp_white_crowned_forktail,White-crowned Forktail,Enicurus leschenaulti,Bird,It bobs its tail constantly while foraging.,Fast-flowing forest streams.,"Rivers, Wetlands & Mangroves",https://www.thainationalparks.com/species/white-crowned-forktail
sp_white_fronted_langur,White-fronted Langur,Presbytis frontata,Mammal,Also known as the White-fronted Surili.,Lowland rainforests in Borneo.,Rainforest & Forest,https://forestry.sarawak.gov.my/web/subpage/webpage_view/816
sp_white_rumped_shama,White-rumped Shama,Copsychus malabaricus,Bird,It is known for its beautiful song.,"Forests, plantations and gardens.",Rainforest & Forest,https://www.nparks.gov.sg/florafaunaweb/fauna/7/4/749
sp_white_tailed_wattled_pheasant,White-tailed Wattled Pheasant,Lophura bulweri,Bird,Males have bright blue facial wattles.,Bornean rainforests.,Highland & Montane Forest,https://forestry.sarawak.gov.my/web/subpage/webpage_view/842
sp_white_thighed_surili,White-thighed Surili,Presbytis siamensis,Mammal,This monkey has distinctive white thighs.,Rainforests in Sumatra and Malaysia.,Rainforest & Forest,https://neprimateconservancy.org/white-thighed-surili/
sp_wild_boar,Wild Boar,Sus scrofa,Mammal,Wild boar are the ancestors of domestic pigs.,"Forests, grasslands and wetlands.","Grassland, Scrub & Farmland",https://www.nature.com/articles/s41467-017-01920-7
sp_yellow_bellied_bulbul,Yellow-bellied Bulbul,Alophoixus phaeocephalus,Bird,It has a bright yellow belly.,Lowland and hill forests.,Rainforest & Forest,https://datazone.birdlife.org/species/factsheet/yellow-bellied-bulbul-alophoixus-phaeocephalus
sp_yellow_handed_mitered_langur,Yellow-handed Mitered Langur,Presbytis melalophos,Mammal,Its hands have a distinctive yellow colour.,Lowland and hill rainforests.,Rainforest & Forest,https://animaldiversity.org/accounts/Presbytis_melalophos/
sp_yellow_rumped_flycatcher,Yellow-rumped Flycatcher,Ficedula zanthopygia,Bird,Males have a bright yellow rump.,Forests and woodlands.,"Gardens, Parks & Urban",https://www.nparks.gov.sg/florafaunaweb/fauna/4/7/474
sp_yellow_throated_marten,Yellow-throated Marten,Martes flavigula,Mammal,It has a striking yellow-orange throat.,Forests across Asia.,Rainforest & Forest,https://animaldiversity.org/accounts/Martes_flavigula/
